{"cameraMode":{"drawMode":0,"name":"Shaded","section":"Shading Mode"},"sceneLighting":true,"audioPlay":false,"sceneViewState":{"showFog":true,"showMaterialUpdate":false,"showSkybox":true,"showFlares":true,"showImageEffects":true,"showParticleSystems":true},"in2DMode":false,"pivot":{"x":262.27093505859377,"y":-0.8471057415008545,"z":244.82119750976563},"rotation":{"x":0.1894211620092392,"y":0.4028683006763458,"z":-0.08561506867408753,"w":0.8913399577140808},"size":12.838632583618164,"orthographic":false}