{"cameraMode":{"drawMode":0,"name":"Shaded","section":"Shading Mode"},"sceneLighting":false,"audioPlay":false,"sceneViewState":{"showFog":false,"showMaterialUpdate":false,"showSkybox":false,"showFlares":false,"showImageEffects":false,"showParticleSystems":false},"in2DMode":false,"pivot":{"x":36.813758850097659,"y":10.394776344299317,"z":34.3014030456543},"rotation":{"x":0.137429878115654,"y":0.42721301317214968,"z":-0.06587831676006317,"w":0.8912148475646973},"size":4.529604911804199,"orthographic":false}