{"cameraMode":{"drawMode":0,"name":"Shaded","section":"Shading Mode"},"sceneLighting":false,"audioPlay":false,"sceneViewState":{"showFog":false,"showMaterialUpdate":false,"showSkybox":false,"showFlares":false,"showImageEffects":false,"showParticleSystems":false},"in2DMode":false,"pivot":{"x":200.762451171875,"y":-55.94696044921875,"z":165.7743377685547},"rotation":{"x":0.137429878115654,"y":0.42721301317214968,"z":-0.06587831676006317,"w":0.8912148475646973},"size":225.7349395751953,"orthographic":false}